osm_id,name,latitude,longitude,street,housenumber,city,postcode,cuisine,opening_hours,website,phone,source
node1640247740,Cafe Coffee Day,26.8541581,80.9948786,,,,226010,coffee_shop,,,,
node6005264685,,26.8474755,80.9465305,Ashok Marg,,,,,,http://indiancoffeehouse.com,+914872335275,
node6012504085,,26.8516664,80.9415761,,,,,coffee_shop;pasta;breakfast,,,,
node6621993316,Fresh Fruit Juice and Shakes,26.8734381,81.00247,Faizabad Road,Sushma Hospital,Lucknow,,,,,,
node6630593984,Chai Ki Chuski,26.8777243,81.0007227,,8/204,,226016,,"Mo-Su 06:00-10:30, 16:00-22:30",,,
node6631591733,Cafe Coffee Day,26.8576597,80.9760894,,,,,coffee_shop,,,,
node6635065566,Cafe Coffee Day,26.848115,80.9400898,,,,,coffee_shop,,,,
node7048895993,HIDEOUT CAFE,26.8631915,81.0241393,"Vinamra Khand, Gomti Nagar",,Lucknow,226010,,Mo-Fr 11:00-02:00,,,
node8107411915,Gully Cafe,26.8886616,81.0563478,Faizabad Road,"Shop No.22 Ground Floor, New Sai Market, Opp BBD University",LUCKNOW,226016,tea_shop;burger;pizza,24/7,https://www.facebook.com/gullycafelucknow,+918146952057,
node8911017256,Sign-In Cafe,26.8968,80.9436282,,,,,,,,,
node9035161918,,26.8482227,80.9437546,Hazratganj,,,,,,,,
node9244968722,Roll Out,26.9099508,80.9449133,इंजीनियरिंग कॉलेज चौराहा,"Narayan Plaza, LGF 19,20,21",Lucknow,226021,rolls,Mo-Su 10:00-22:00,,+918433328344,
node9590868467,The Hazelnut Factory - Alambagh,26.7985068,80.8976694,,,,,sandwich;noodle;coffee_shop;pasta,Mo-Su 08:30-23:30,,,
node9590887407,Cafe Coffee Day,26.7988187,80.8972237,,,,,coffee_shop,Mo-Su 09:00-23:15,,,
node10604032308,All About Deserts,26.8765073,80.9825615,,,,,,,,,
node10605470658,Cafe WTF,26.8821874,80.9962466,,,,,,,,,
node10605651828,Cafe Repertwahr,26.8711509,80.9756575,,,,,,,,,
node10605651830,Cafe Coffee Day,26.8715733,80.9735083,,,,,coffee_shop,,,,
node10605651841,Foxx Cafe,26.8774685,80.9763498,,,,,,,,,
node10891469192,,26.8140304,80.8874817,,,,,,,,,
node11711349758,TCF CAFE(The chilly flakes cafe),26.8850393,80.9994025,,,,,,,,,
node12748201976,Sharma ji ki Chai,26.8477535,80.9406863,,,,,tea,,,,
node12751688688,Shivneri Chai,26.8482304,80.9405469,,,,,Tea,,,,
node13039595601,Butter Story Times,26.8841957,80.94429,Mandir Marg,,,,,,,8874474455,
node13056303391,Chai Sutta Bar,26.8579861,80.9968776,,,,,,,,,
node13142197637,Pawpup,26.8578615,81.0088402,,B3/31 Vinay Khand,,,,,,,
node13622371301,SINHA CAFE,26.8802069,81.0185472,Church Road,199,,226028,coffee_shop;oriental,Mo-Su 09:00-12:00,,,
node13714021722,,26.8833592,80.9465225,,,,,,,,,
node13895904215,Ginger Eats and Arts,26.8784036,80.9510134,,,,,,,,,
node14049337587,Nothing Before Coffee,26.8766512,80.9916886,,,,,,,,,
way1095686047,,26.9574326,80.9991463,,,,,,,,,
way1496526470,Cafe Coffee Day,26.8470789,80.9461622,,,,,coffee_shop,Mo-Su 09:00-01:00,,,
way1544845417,Chai Coffe and Shakes (ccs),26.9366078,80.9365782,Bhitauli Crossing Jankipuram Sitapur Road,8/72,Lucknow,226031,pizza;coffee_shop;burger;sandwich;noodle;brunch,08:00-22:00,,,
